INSERT INTO DEPARTMENTS (DEPT_ID, DEPT_NAME) VALUES
(1, 'Cardiology'),
(2, 'Neurology'),
(3, 'Orthopedics'),
(4, 'Pediatrics'),
(5, 'Gynecology'),
(6, 'Dermatology'),
(7, 'Radiology'),
(8, 'Psychiatry');


INSERT INTO PATIENTS (PATIENT_ID, FIRST_NAME, LAST_NAME, DOB, GENDER, PHONE_NUMBER, LOCATION) VALUES
(1, 'John', 'Doe', '1990-05-20', 'Male', '1234567890', 'Visakhapatnam, Andhra Pradesh'),
(2, 'Jane', 'Smith', '1985-08-15', 'Female', '2345678901', 'Hyderabad, Telangana'),
(3, 'Michael', 'Johnson', '2000-11-10', 'Male', '3456789012', 'Vijayawada, Andhra Pradesh'),
(4, 'Emily', 'Davis', '1993-04-25', 'Female', '4567890123', 'Warangal, Telangana'),
(5, 'William', 'Martinez', '1978-03-17', 'Male', '5678901234', 'Tirupati, Andhra Pradesh'),
(6, 'Sophia', 'Lopez', '1987-02-08', 'Female', '6789012345', 'Khammam, Telangana'),
(7, 'David', 'Gonzalez', '1991-09-12', 'Male', '7890123456', 'Guntur, Andhra Pradesh'),
(8, 'Isabella', 'Perez', '1995-07-30', 'Female', '8901234567', 'Nalgonda, Telangana'),
(9, 'Ethan', 'Wilson', '1999-10-11', 'Male', '9012345678', 'Kakinada, Andhra Pradesh'),
(10, 'Ava', 'Taylor', '1992-12-05', 'Female', '0123456789', 'Karimnagar, Telangana'),
(11, 'Jackson', 'Martinez', '1989-06-14', 'Male', '1234509876', 'Rajahmundry, Andhra Pradesh'),
(12, 'Mia', 'Taylor', '1994-09-20', 'Female', '2345612345', 'Adilabad, Telangana'),
(13, 'Alexander', 'Brown', '1980-03-25', 'Male', '3456723456', 'Chittoor, Andhra Pradesh'),
(14, 'Lily', 'Davis', '1992-01-19', 'Female', '4567834567', 'Nizamabad, Telangana'),
(15, 'James', 'Miller', '1993-05-23', 'Male', '5678945678', 'Kadapa, Andhra Pradesh'),
(16, 'Charlotte', 'Martinez', '1986-11-12', 'Female', '6789056789', 'Suryapet, Telangana'),
(17, 'Benjamin', 'Anderson', '1995-12-05', 'Male', '7890167890', 'Anantapur, Andhra Pradesh'),
(18, 'Amelia', 'Clark', '1988-08-22', 'Female', '8901278901', 'Khammam, Telangana'),
(19, 'Lucas', 'Wright', '1990-03-15', 'Male', '9012389012', 'Eluru, Andhra Pradesh'),
(20, 'Harper', 'Lewis', '1987-10-10', 'Female', '0123490123', 'Mahbubnagar, Telangana'),
(21, 'Jack', 'Harris', '1994-02-02', 'Male', '1234501234', 'Nellore, Andhra Pradesh'),
(22, 'Ella', 'Scott', '1992-07-12', 'Female', '2345612345', 'Medchal, Telangana'),
(23, 'Samuel', 'Young', '1985-01-18', 'Male', '3456723456', 'Tadepalligudem, Andhra Pradesh'),
(24, 'Aria', 'Lopez', '1991-04-05', 'Female', '4567834567', 'Warangal, Telangana'),
(25, 'Sebastian', 'Miller', '1996-08-01', 'Male', '5678945678', 'Srikakulam, Andhra Pradesh'),
(26, 'Scarlett', 'Perez', '1994-11-15', 'Female', '6789056789', 'Mahabubabad, Telangana'),
(27, 'Henry', 'Evans', '1989-06-30', 'Male', '7890167890', 'Ongole, Andhra Pradesh'),
(28, 'Grace', 'Walker', '1992-04-18', 'Female', '8901278901', 'Jangaon, Telangana'),
(29, 'Elijah', 'King', '1988-12-03', 'Male', '9012389012', 'Visakhapatnam, Andhra Pradesh'),
(30, 'Chloe', 'Martinez', '1993-11-17', 'Female', '0123490123', 'Khammam, Telangana');



INSERT INTO DOCTORS (DOCTOR_ID, FIRST_NAME, LAST_NAME, PHONE_NUMBER, DEPT_ID, EXPERIENCE) VALUES
(1, 'John', 'Smith', '1234567890', 1, 10),
(2, 'Emily', 'Johnson', '2345678901', 2, 8),
(3, 'Michael', 'Brown', '3456789012', 3, 6),
(4, 'Sarah', 'Davis', '4567890123', 4, 12),
(5, 'David', 'Wilson', '5678901234', 5, 9),
(6, 'Sophia', 'Clark', '6789012345', 6, 7),
(7, 'William', 'Martinez', '7890123456', 7, 5),
(8, 'Lily', 'Taylor', '8901234567', 8, 3);



INSERT INTO STAFF (STAFF_ID, FIRST_NAME, LAST_NAME, ROLE, PHONE_NUMBER, HIRE_DATE) VALUES
(1, 'Anil', 'Kumar', 'Receptionist', '9988776655', '2018-06-01'),
(2, 'Suresh', 'Reddy', 'Nurse', '9988771122', '2019-03-15'),
(3, 'Priya', 'Sharma', 'Lab Technician', '9988772233', '2020-01-10'),
(4, 'Ravi', 'Teja', 'Ward Boy', '9988773344', '2021-07-12'),
(5, 'Anitha', 'Verma', 'Receptionist', '9988774455', '2022-02-20'),
(6, 'Deepak', 'Yadav', 'Pharmacist', '9988775566', '2019-11-08'),
(7, 'Sunita', 'Devi', 'Nurse', '9988776677', '2023-01-05'),
(8, 'Rajesh', 'Singh', 'Security', '9988777788', '2017-09-23'),
(9, 'Lakshmi', 'Naidu', 'Billing Staff', '9988778899', '2018-04-30'),
(10, 'Kiran', 'Babu', 'Cleaner', '9988779900', '2020-10-10'),
(11, 'Pooja', 'Rao', 'Pharmacist', '8877665544', '2019-08-25'),
(12, 'Manoj', 'Chowdary', 'Nurse', '8877664433', '2021-03-18'),
(13, 'Sneha', 'Gupta', 'Receptionist', '8877663322', '2022-05-22'),
(14, 'Gopal', 'Krishna', 'Security', '8877662211', '2023-06-10'),
(15, 'Kavya', 'Mehta', 'Billing Staff', '8877661100', '2020-12-01'),
(16, 'Tarun', 'Jain', 'Cleaner', '7766554433', '2017-07-07'),
(17, 'Divya', 'Patel', 'Lab Technician', '7766553322', '2018-11-19'),
(18, 'Rohit', 'Rana', 'Ward Boy', '7766552211', '2022-09-29'),
(19, 'Meena', 'Joshi', 'Receptionist', '7766551100', '2023-02-11'),
(20, 'Arjun', 'Varma', 'Pharmacist', '6655443322', '2016-06-15'),
(21, 'Lavanya', 'Mishra', 'Nurse', '6655442211', '2020-04-04'),
(22, 'Surya', 'Das', 'Security', '6655441100', '2019-01-25'),
(23, 'Bhavana', 'Kaur', 'Cleaner', '5544332211', '2021-06-16'),
(24, 'Nikhil', 'Paul', 'Lab Technician', '5544331100', '2022-08-05'),
(25, 'Reshma', 'Gill', 'Billing Staff', '4433221100', '2020-02-28'),
(26, 'Vikram', 'Shetty', 'Pharmacist', '4433220011', '2019-05-14'),
(27, 'Neha', 'Sharma', 'Nurse', '3322110099', '2021-09-17'),
(28, 'Harsha', 'Kapoor', 'Receptionist', '3322119988', '2023-03-03'),
(29, 'Ajay', 'Singh', 'Ward Boy', '2211008877', '2018-10-09'),
(30, 'Isha', 'Dutt', 'Cleaner', '1100997766', '2017-12-21');




INSERT INTO APPOINTMENTS (APPOINTMENT_ID, DOCTOR_ID, PATIENT_ID, APP_DATETIME) VALUES
(1, 1, 5, '2025-04-01 09:00:00'),
(2, 1, 7, '2025-04-10 10:30:00'),
(3, 2, 4, '2025-04-03 11:15:00'),
(4, 2, 9, '2025-04-20 16:00:00'),
(5, 3, 3, '2025-04-02 13:00:00'),
(6, 3, 8, '2025-04-18 09:00:00'),
(7, 4, 12, '2025-04-05 15:30:00'),
(8, 5, 6, '2025-04-06 10:00:00'),
(9, 6, 10, '2025-04-07 14:45:00'),
(10, 7, 1, '2025-04-08 12:00:00'),
(11, 8, 2, '2025-04-09 09:30:00'),
(12, 1, 11, '2025-04-11 11:45:00'),
(13, 2, 13, '2025-04-12 10:15:00'),
(14, 1, 15, '2025-04-13 16:00:00'),
(15, 3, 14, '2025-04-14 14:00:00'),
(16, 2, 18, '2025-04-15 10:30:00'),
(17, 5, 20, '2025-04-16 09:00:00'),
(18, 4, 17, '2025-04-17 15:15:00'),
(19, 6, 19, '2025-04-18 11:00:00'),
(20, 1, 16, '2025-04-19 13:45:00'),
(21, 2, 21, '2025-04-20 10:30:00'),
(22, 8, 22, '2025-04-21 12:00:00'),
(23, 2, 23, '2025-04-22 14:15:00'),
(24, 3, 24, '2025-04-23 15:45:00'),
(25, 2, 25, '2025-04-24 11:30:00'),
(26, 4, 26, '2025-04-25 09:00:00'),
(27, 5, 27, '2025-04-26 10:45:00'),
(28, 7, 28, '2025-04-27 13:00:00'),
(29, 6, 29, '2025-04-28 15:00:00'),
(30, 5, 30, '2025-04-29 11:15:00'),
(31, 4, 1, '2025-04-30 10:00:00'),
(32, 2, 2, '2025-05-01 14:30:00'),
(33, 1, 3, '2025-05-02 12:45:00'),
(34, 5, 4, '2025-05-03 09:30:00'),
(35, 6, 5, '2025-05-04 16:15:00'),
(36, 8, 6, '2025-05-05 13:00:00'),
(37, 5, 7, '2025-05-06 11:45:00'),
(38, 2, 8, '2025-05-07 10:00:00'),
(39, 1, 9, '2025-05-08 14:00:00'),
(40, 3, 10, '2025-05-09 15:30:00');



INSERT INTO TESTS (TEST_ID, APPOINTMENT_ID, TEST_TYPE, TEST_DATE) VALUES
(1, 1, 'Blood Test', '2025-04-01'),
(2, 1, 'X-Ray', '2025-04-01'),
(3, 2, 'ECG', '2025-04-10'),
(4, 3, 'Blood Sugar', '2025-04-03'),
(5, 3, 'MRI', '2025-04-03'),
(6, 4, 'X-Ray', '2025-04-20'),
-- (5 skipped)
(7, 6, 'Urine Test', '2025-04-18'),
(8, 6, 'CT Scan', '2025-04-18'),
(9, 7, 'Thyroid Panel', '2025-04-05'),
(10, 8, 'Blood Test', '2025-04-06'),
(11, 9, 'ECG', '2025-04-07'),
(12, 10, 'MRI', '2025-04-08'),
-- (11 skipped)
(13, 12, 'Blood Sugar', '2025-04-11'),
(14, 13, 'X-Ray', '2025-04-12'),
(15, 13, 'CT Scan', '2025-04-12'),
(16, 14, 'Urine Test', '2025-04-13'),
(17, 15, 'Blood Test', '2025-04-14'),
(18, 16, 'Thyroid Panel', '2025-04-15'),
(19, 17, 'ECG', '2025-04-16'),
(20, 18, 'Blood Sugar', '2025-04-17'),
-- (20 skipped)
(21, 21, 'MRI', '2025-04-20'),
(22, 21, 'X-Ray', '2025-04-20'),
(23, 22, 'CT Scan', '2025-04-21'),
(24, 23, 'Urine Test', '2025-04-22'),
(25, 24, 'Blood Test', '2025-04-23'),
(26, 25, 'ECG', '2025-04-24'),
(27, 26, 'X-Ray', '2025-04-25'),
(28, 26, 'CT Scan', '2025-04-25'),
(29, 27, 'MRI', '2025-04-26'),
(30, 27, 'Thyroid Panel', '2025-04-26'),
-- (29 skipped)
(31, 30, 'Urine Test', '2025-04-29'),
(32, 31, 'Blood Sugar', '2025-04-30'),
(33, 32, 'Blood Test', '2025-05-01'),
(34, 33, 'ECG', '2025-05-02'),
(35, 33, 'MRI', '2025-05-02'),
(36, 34, 'X-Ray', '2025-05-03'),
(37, 35, 'CT Scan', '2025-05-04'),
(38, 35, 'Urine Test', '2025-05-04'),
(39, 36, 'Blood Test', '2025-05-05'),
(40, 36, 'Thyroid Panel', '2025-05-05'),
(41, 37, 'ECG', '2025-05-06'),
(42, 38, 'X-Ray', '2025-05-07'),
(43, 39, 'Blood Sugar', '2025-05-08'),
(44, 40, 'MRI', '2025-05-09'),
(45, 40, 'CT Scan', '2025-05-09'),
(46, 28, 'Urine Test', '2025-04-27'),
(47, 28, 'Thyroid Panel', '2025-04-27'),
(48, 19, 'Blood Sugar', '2025-04-18'),
(49, 19, 'MRI', '2025-04-18'),
(50, 22, 'Urine Test', '2025-04-21'),
(51, 16, 'X-Ray', '2025-04-15'),
(52, 24, 'CT Scan', '2025-04-23'),
(53, 25, 'MRI', '2025-04-24'),
(54, 31, 'Blood Test', '2025-04-30'),
(55, 30, 'X-Ray', '2025-04-29');




INSERT INTO MEDICAL_RECORDS (RECORD_ID, APPOINTMENT_ID, DIAGNOSIS, TREATMENT) 
VALUES
(1, 1, 'Flu', 'Rest and hydration'),
(2, 2, 'Cold', 'Over-the-counter medicine'),
(3, 3, 'Migraine', 'Pain relievers'),
(4, 4, 'Back Pain', 'Physiotherapy'),
(5, 5, 'Fever', 'Antipyretics'),
(6, 6, 'Allergy', 'Antihistamines'),
(7, 7, 'Cold', 'Steam inhalation'),
(8, 8, 'Stomach ache', 'Antacids'),
(9, 9, 'Dizziness', 'Anti-vertigo medicine'),
(10, 10, 'Cough', 'Cough syrup'),
(11, 11, 'Arthritis', 'Pain management'),
(12, 12, 'Diabetes', 'Insulin therapy'),
(13, 13, 'Anxiety', 'Counseling and medication'),
(14, 14, 'Bronchitis', 'Antibiotics'),
(15, 15, 'Sinusitis', 'Nasal decongestants'),
(16, 16, 'Hypertension', 'Blood pressure medication'),
(17, 17, 'Migraine', 'Migraine tablets'),
(18, 18, 'Cough and cold', 'Expectorants'),
(19, 19, 'Fever and body ache', 'Painkillers'),
(20, 20, 'Heartburn', 'Proton pump inhibitors'),
(21, 21, 'Gastritis', 'Antacids'),
(22, 22, 'Skin rash', 'Topical cream'),
(23, 23, 'Fatigue', 'Vitamin B12 supplementation'),
(24, 24, 'Throat infection', 'Antibiotics'),
(25, 25, 'Insomnia', 'Sleeping pills'),
(26, 26, 'Migraine', 'Migraine tablets'),
(27, 27, 'Neck pain', 'Painkillers and rest'),
(28, 28, 'Cough and cold', 'Antihistamines'),
(29, 29, 'Abdominal pain', 'Pain management'),
(30, 30, 'Chest pain', 'Cardiac tests and observation');



INSERT INTO BILLS (BILL_ID, APPOINTMENT_ID, CONSULTATION_CHARGES, TESTING_CHARGES, OTHER_CHARGES, TOTAL_AMOUNT, PAID_AMOUNT) VALUES
(1, 1, 800, 1000, 0, 1800, 1800),
(2, 2, 800, 500, 100, 1400, 1400),
(3, 3, 800, 1000, 200, 2000, 2000),
(4, 4, 800, 500, 300, 1600, 1600),
(5, 5, 800, 0, 400, 1200, 1200),
(6, 6, 800, 1000, 500, 2300, 2300),
(7, 7, 800, 500, 0, 1300, 1300),
(8, 8, 800, 500, 100, 1400, 1400),
(9, 9, 800, 500, 200, 1500, 1500),
(10, 10, 800, 500, 300, 1600, 1600),
(11, 11, 800, 0, 400, 1200, 1200),
(12, 12, 800, 500, 500, 1800, 1800),
(13, 13, 800, 1000, 0, 1800, 1800),
(14, 14, 800, 500, 100, 1400, 1400),
(15, 15, 800, 500, 200, 1500, 1500),
(16, 16, 800, 1000, 300, 2100, 2100),
(17, 17, 800, 500, 400, 1700, 1700),
(18, 18, 800, 500, 500, 1800, 1800),
(19, 19, 800, 1000, 0, 1800, 1800),
(20, 20, 800, 0, 100, 900, 900),
(21, 21, 800, 1000, 200, 2000, 2000),
(22, 22, 800, 1000, 300, 2100, 2100),
(23, 23, 800, 500, 400, 1700, 1700),
(24, 24, 800, 1000, 500, 2300, 2300),
(25, 25, 800, 1000, 0, 1800, 1800),
(26, 26, 800, 1000, 100, 1900, 1900),
(27, 27, 800, 1000, 200, 2000, 2000),
(28, 28, 800, 1000, 300, 2100, 2100),
(29, 29, 800, 0, 400, 1200, 1200),
(30, 30, 800, 500, 500, 1800, 1800),
(31, 31, 800, 1000, 0, 1800, 1800),
(32, 32, 800, 500, 100, 1400, 1400),
(33, 33, 800, 1000, 200, 2000, 2000),
(34, 34, 800, 500, 300, 1600, 1600),
(35, 35, 800, 1000, 400, 2200, 2200),
(36, 36, 800, 1000, 500, 2300, 2300),
(37, 37, 800, 500, 0, 1300, 1300),
(38, 38, 800, 500, 100, 1400, 1400),
(39, 39, 800, 500, 200, 1500, 1500),
(40, 40, 800, 1000, 300, 2100, 2100);